<?xml version="1.0" encoding="UTF-8"?>
<beans xmlns="http://www.springframework.org/schema/beans"
	xmlns:xsi="http://www.w3.org/2001/XMLSchema-instance"
	xsi:schemaLocation="http://www.springframework.org/schema/beans http://www.springframework.org/schema/beans/spring-beans.xsd">


	<bean autowire="byName"
		class="com.spring.despobean.Triangle"
		destroy-method="cleanUp" id="triangle" init-method="myInit">
	</bean>

	<bean
		class="com.spring.despobean.Point"
		id="pointA">
		<property name="x" value="0"></property>
		<property name="y" value="0"></property>
	</bean>

	<bean
		class="com.spring.despobean.Point"
		id="pointB">
		<property name="x" value="-20"></property>
		<property name="y" value="0"></property>
	</bean>

	<bean
		class="com.spring.despobean.Point"
		id="pointC">
		<property name="x" value="20"></property>
		<property name="y" value="0"></property>
	</bean>
</beans>
