<?xml version="1.0" encoding="UTF-8"?>
<beans xmlns="http://www.springframework.org/schema/beans"
	xmlns:xsi="http://www.w3.org/2001/XMLSchema-instance" xmlns:context="http://www.springframework.org/schema/context"
	xsi:schemaLocation="http://www.springframework.org/schema/beans http://www.springframework.org/schema/beans/spring-beans.xsd
		http://www.springframework.org/schema/context http://www.springframework.org/schema/context/spring-context-4.3.xsd">

	<bean id="lifecycle" class="com.hcl.Lifecycle" init-method="initmethod"
		destroy-method="destroymethod">
		<property name="message" value="hi man"></property>
	</bean>

	<context:component-scan base-package="com.hcl"></context:component-scan>

	<bean id="lifecycleBeanPostProcessor" class="com.hcl.LifeCycleBeanPostProcessor"></bean>

</beans>
