<?xml version="1.0" encoding="UTF-8"?>
<beans xmlns="http://www.springframework.org/schema/beans"
	xmlns:xsi="http://www.w3.org/2001/XMLSchema-instance"
	xmlns:context="http://www.springframework.org/schema/context"
	xsi:schemaLocation="http://www.springframework.org/schema/beans 
	http://www.springframework.org/schema/beans/spring-beans-4.3.xsd
		http://www.springframework.org/schema/context 
		http://www.springframework.org/schema/context/spring-context-4.3.xsd">

     <bean class="org.springframework.web.servlet.mvc.method.annotation.RequestMappingHandlerMapping"/>
   
   
   <bean id="messageSource" class="org.springframework.context.support.ResourceBundleMessageSource">
   <property name="basename" value="com/nt/commans/errors"/>
   </bean>
    
    <!-- view Resolver -->
    <bean class="org.springframework.web.servlet.view.InternalResourceViewResolver">
        <property name="prefix" value="/WEB-INF/pages/"/>
        <property name="suffix" value=".jsp"/>
    </bean>
     <context:component-scan base-package="com.nt.controller,com.nt.validations"/>
  

</beans>
